,DEMAND_DATE,CALAMARI,FISCH,GARNELEN,HAEHNCHEN,KOEFTE,LAMM,STEAK,WIND,BEWOELKUNG,NIEDERSCHLAG,SONNE,LUFTTEMPERATUR,ISHOLIDAY,WEEKEND
1,10.4.2013,6,6,12,40,23,50,36,1.916666667,7.666666667,0.1,150,15.85833333,0,0
2,10.5.2013,8,8,5,44,36,37,30,2.738461538,6.923076923,10.7,0,13.19230769,0,1
3,10.6.2013,6,5,11,19,12,22,16,1.364285714,8,0.4,0,10.57142857,0,1
4,10.7.2013,4,4,2,28,13,28,22,2.316666667,6.416666667,0,176,13.33333333,0,0
5,10.8.2013,7,4,9,22,18,29,29,1.658333333,8,0,0,13.54166667,0,0
6,10.9.2013,7,4,11,33,23,23,37,2.083333333,7.666666667,0,17,14025,0,0
7,10.10.2013,3,7,3,39,27,31,22,2.983333333,6.75,4.3,0,7.058333333,0,0
8,10.11.2013,5,3,10,35,18,38,37,1.641666667,5.583333333,1.3,70,7225,0,0
9,10.12.2013,5,13,10,71,46,45,35,1.461538462,7.153846154,0.3,85,4.992307692,0,1
10,10.13.2013,1,0,7,32,12,29,18,2.057142857,4.285714286,0,244,9.357142857,0,1
11,10.14.2013,2,3,5,20,18,26,19,3.008333333,7.666666667,0.8,68,13425,0,0
12,10.15.2013,2,4,8,17,13,17,17,2.541666667,5.416666667,22.1,0,10.55833333,0,0
13,10.16.2013,8,2,7,37,21,31,30,2.608333333,7.083333333,0,86,10.89166667,0,0
14,10.17.2013,6,5,9,45,31,44,27,4.408333333,6,0,216,14.4,0,0
15,10.18.2013,7,12,12,47,32,52,40,1725,2.916666667,0,252,13.35833333,0,0
16,10.19.2013,10,5,11,49,32,45,54,3.607692308,3.461538462,0,474,17.81538462,0,1
17,10.20.2013,6,2,5,24,9,22,18,2.214285714,6.214285714,4.9,6,14.92857143,0,1
18,10.21.2013,5,4,6,31,18,28,22,2.091666667,6.916666667,0,89,16775,0,0
19,10.22.2013,3,11,14,40,15,57,39,3.283333333,3.833333333,0,221,19.35,0,0
20,10.23.2013,5,9,14,40,24,25,28,3.291666667,7.583333333,1.3,0,15.60833333,0,0
21,10.24.2013,6,6,11,35,23,41,41,1.941666667,1.083333333,0,381,16175,0,0
22,10.25.2013,5,5,15,44,22,44,50,2.891666667,5.416666667,0,121,16.54166667,0,0
23,10.26.2013,4,8,16,38,26,39,50,2.807692308,3.923076923,0,352,19.94615385,0,1
24,10.27.2013,8,5,10,30,17,28,31,5.542857143,5.785714286,4.8,326,15.71428571,0,1
25,10.28.2013,5,7,2,25,19,29,28,5.533333333,7,0,132,18.75833333,0,0
26,10.29.2013,5,6,15,31,25,23,28,3.308333333,3.916666667,0,232,12.20833333,0,0
27,10.30.2013,4,10,9,33,21,34,50,2.016666667,1.5,0,333,9525,0,0
28,10.31.2013,4,7,16,44,18,50,40,1.491666667,0,0,411,9.741666667,0,0
29,11.1.2013,0,3,2,1,2,0,4,2.583333333,7.666666667,0,0,8525,1,0
30,11.2.2013,25,14,23,78,71,63,59,4.369230769,7.076923077,0,60,15.13076923,0,1
31,11.3.2013,3,4,6,32,19,40,26,4.835714286,3,0,258,8.971428571,0,1
32,11.4.2013,0,3,7,24,21,22,24,5.133333333,7.583333333,0.1,19,11425,0,0
33,11.5.2013,2,7,8,39,21,31,17,3.533333333,4.416666667,0.3,314,8.233333333,0,0
34,11.6.2013,7,7,12,38,21,27,24,2.833333333,7.75,1.1,0,11.64166667,0,0
35,11.7.2013,5,5,8,38,24,36,43,3975,6.833333333,0,82,15.41666667,0,0
36,11.8.2013,7,3,16,43,21,37,23,2225,7.916666667,3.8,0,13275,0,0
37,11.9.2013,8,12,27,67,35,70,59,3.692307692,3.230769231,0,151,8.623076923,0,1
38,11.10.2013,6,4,13,22,13,13,24,3.878571429,7.714285714,16.2,0,4.792857143,0,1
39,11.11.2013,3,10,4,22,15,30,19,1.491666667,5.25,0,19,5.308333333,0,0
40,11.12.2013,2,5,10,29,18,29,30,2.316666667,2.75,0,244,4,0,0
41,11.13.2013,4,7,10,36,22,20,27,1375,8,0,0,4.866666667,0,0
42,11.14.2013,3,4,5,29,20,41,26,2.666666667,7.75,0.4,0,4475,0,0
43,11.15.2013,7,7,19,36,22,48,36,3.758333333,7.666666667,0,0,4.191666667,0,0
44,11.16.2013,4,10,13,57,43,57,44,2.861538462,8,0,0,5.423076923,0,1
45,11.17.2013,1,1,12,24,22,16,22,1.9,8,0,0,5.907142857,0,1
46,11.18.2013,4,5,7,30,30,26,18,1225,0.083333333,0,367,7.1,0,0
47,11.19.2013,4,6,10,25,21,22,21,2.541666667,7.75,3.9,0,3.191666667,0,0
48,11.20.2013,5,3,16,33,21,24,18,2.8,7.916666667,1.8,0,3725,0,0
49,11.21.2013,7,5,15,52,20,31,33,2.2,8,0,0,3.316666667,0,0
50,11.22.2013,4,6,14,42,25,36,27,2.75,8,1.6,0,4025,0,0
51,11.23.2013,6,9,14,54,44,48,48,3.892307692,8,0,0,5.292307692,0,1
52,11.24.2013,4,7,8,37,21,24,29,3.871428571,8,0.1,7,4.7,0,1
53,11.25.2013,4,8,6,27,22,21,26,2.441666667,3.583333333,0.7,314,1225,0,0
54,11.26.2013,4,5,5,38,32,33,19,3.05,5.5,0,125,-0.283333333,0,0
55,11.27.2013,1,5,11,30,18,33,30,1525,1.916666667,0,288,-1.858333333,0,0
56,11.28.2013,4,7,11,33,21,33,26,1.058333333,7.75,0.4,0,0.341666667,0,0
57,11.29.2013,5,11,9,35,31,34,27,3.358333333,7.916666667,0,0,4.416666667,0,0
58,11.30.2013,13,7,11,46,27,50,47,2.353846154,7.461538462,0,116,3.892307692,0,1
59,12.1.2013,1,3,7,19,8,16,15,1.385714286,7.285714286,0,50,3.471428571,0,1
60,12.2.2013,4,11,4,26,14,14,13,4725,1.833333333,0,293,4.366666667,0,0
61,12.3.2013,3,5,15,23,21,28,30,1.808333333,0.416666667,0,348,0.558333333,0,0
62,12.4.2013,2,7,13,24,18,24,22,3.291666667,7.916666667,0,20,2.6,0,0
63,12.5.2013,7,4,9,35,11,25,24,4.808333333,6.416666667,0,173,6.55,0,0
64,12.6.2013,9,5,15,42,29,35,26,8.508333333,7.083333333,0.9,85,2.533333333,0,0
65,12.7.2013,11,11,28,57,48,50,55,3.530769231,7.846153846,0.7,0,3.9,0,1
66,12.8.2013,4,11,5,27,16,29,21,3.135714286,7.785714286,0,6,6.128571429,0,1
67,12.9.2013,3,3,8,21,14,31,24,2.391666667,2.333333333,0,246,7.2,0,0
68,12.10.2013,5,10,11,24,14,28,22,1.516666667,0,0,362,6.091666667,0,0
69,12.11.2013,4,10,12,29,13,35,20,1.683333333,1.916666667,0,358,3.741666667,0,0
70,12.12.2013,3,3,9,21,30,27,23,1.116666667,8,0,0,-0.666666667,0,0
71,12.13.2013,5,8,10,28,18,36,26,1475,5.833333333,0,299,-0.141666667,0,0
72,12.14.2013,6,16,12,58,44,40,38,1.869230769,7,2.2,0,2.653846154,0,1
73,12.15.2013,4,0,6,10,11,18,13,2.407142857,4.642857143,0,143,3.771428571,0,1
74,12.16.2013,2,1,3,32,14,20,30,3.841666667,0.916666667,0,349,6825,0,0
75,12.17.2013,4,5,9,31,24,28,33,2625,0.166666667,0,377,5.95,0,0
76,12.18.2013,1,11,12,28,24,25,18,3675,7.416666667,0,38,5.641666667,0,0
77,12.19.2013,7,3,15,43,11,34,30,3625,7.333333333,0.2,0,8.808333333,0,0
78,12.20.2013,7,4,11,32,38,57,30,2775,4.25,0,0,6,0,0
79,12.21.2013,3,7,12,42,25,29,37,3.515384615,5.615384615,0,192,3.369230769,0,1
80,12.22.2013,4,4,10,17,5,13,25,3.614285714,6.785714286,0.4,44,10.25714286,0,1
81,12.23.2013,6,6,11,42,42,46,53,3.166666667,3.5,0,258,9.691666667,0,0
82,12.24.2013,1,3,1,3,4,7,5,3.85,6.5,0,152,11.8,0,0
83,12.26.2013,4,0,3,12,2,16,18,4.7,7.75,8.1,0,4.966666667,1,0
84,12.27.2013,11,5,12,54,34,44,44,4.35,2.083333333,0,348,6.066666667,0,0
85,12.28.2013,7,5,17,52,31,40,40,3.169230769,5.307692308,4.5,0,7.169230769,0,1
86,12.29.2013,6,5,4,27,10,18,19,3.385714286,6.071428571,0.3,138,5.1,0,1
87,12.30.2013,8,7,16,62,38,48,42,3.383333333,0.833333333,0,378,2.9,0,0
88,12.31.2013,3,2,1,11,5,9,8,3.183333333,2,0,365,3.083333333,0,0
89,1.1.2014,0,4,1,21,13,13,10,4625,4.5,0,265,6,1,0
90,1.2.2014,7,6,16,45,30,37,35,4.291666667,5.166666667,0.2,25,7.366666667,0,0
91,1.3.2014,8,9,11,46,33,46,35,3.841666667,6.75,0.3,26,8425,0,0
92,1.4.2014,4,6,10,45,26,26,43,2.061538462,6,1.4,0,7.046153846,0,1
93,1.5.2014,2,5,7,26,27,34,20,3.057142857,4.857142857,0,68,5.221428571,0,1
94,1.6.2014,2,3,5,25,19,38,32,3825,7,0,71,8375,1,0
95,1.7.2014,8,2,7,31,19,16,19,2.683333333,6.416666667,0,99,11.89166667,0,0
96,1.8.2014,4,7,9,26,16,23,21,2.733333333,4.083333333,0,207,12.19166667,0,0
97,1.9.2014,5,4,7,31,21,34,27,4.75,6.833333333,1.7,150,13.06666667,0,0
98,1.10.2014,12,3,9,37,27,34,24,3.008333333,2.416666667,0,219,6525,0,0
99,1.11.2014,11,7,18,55,52,57,43,2.853846154,7.538461538,1.5,0,4.784615385,0,1
100,1.12.2014,2,1,10,28,14,12,13,1.264285714,4.928571429,0,142,1.978571429,0,1
101,1.13.2014,2,5,13,26,15,25,17,1.758333333,7.5,5,34,5925,0,0
102,1.14.2014,11,3,10,39,17,28,27,1.591666667,7.5,1.5,0,4.966666667,0,0
103,1.15.2014,9,5,5,37,25,43,29,3.058333333,6,0,283,5.208333333,0,0
104,1.16.2014,4,9,12,24,24,36,30,3.55,5.666666667,2.6,0,7.35,0,0
105,1.17.2014,9,9,11,36,19,39,29,3.133333333,3,0,151,6.316666667,0,0
106,1.18.2014,10,11,16,61,58,66,42,2.307692308,5.846153846,0,146,3.015384615,0,1
107,1.19.2014,2,4,4,30,10,30,12,1.814285714,6.357142857,0,50,2.628571429,0,1
108,1.20.2014,2,1,1,20,16,22,14,2.2,7.916666667,0,0,3.35,0,0
109,1.21.2014,6,3,8,29,19,19,19,2.133333333,7.833333333,5.2,0,3.633333333,0,0
110,1.22.2014,8,10,11,35,23,45,23,1.158333333,8,0,0,4.191666667,0,0
111,1.23.2014,6,5,10,26,17,15,23,2.016666667,7.916666667,1,0,3.708333333,0,0
112,1.24.2014,6,8,8,27,19,21,21,3675,7.75,1.3,0,1.95,0,0
113,1.25.2014,7,4,10,51,33,64,48,1.853846154,7.846153846,0,3,2.830769231,0,1
114,1.26.2014,4,6,7,32,13,24,32,5.407142857,6.214285714,0,126,4.457142857,0,1
115,1.27.2014,1,5,3,14,10,14,11,3.158333333,4.583333333,1.2,130,2.608333333,0,0
116,1.28.2014,3,2,3,30,17,31,16,3.316666667,1.333333333,0,405,3.541666667,0,0
117,1.29.2014,24,4,12,31,18,29,22,5.233333333,6.083333333,0,18,-0.083333333,0,0
118,1.30.2014,8,11,16,33,23,36,29,2.416666667,6.416666667,0,150,0.966666667,0,0
119,1.31.2014,4,6,14,30,20,27,27,1.791666667,2.666666667,0,282,1625,0,0
120,2.1.2014,6,10,16,45,44,67,48,1.976923077,6.384615385,0.3,197,6.707692308,0,1
121,2.2.2014,0,1,12,17,11,23,24,1.928571429,7.071428571,0.4,1,3.95,0,1
122,2.3.2014,0,4,8,16,11,16,16,3.883333333,7.75,0,1,2.641666667,0,0
123,2.4.2014,2,5,12,24,20,27,27,2.091666667,6.25,0,0,5.608333333,0,0
124,2.5.2014,1,3,11,26,28,35,22,2.966666667,6.333333333,0.1,11,4575,0,0
125,2.6.2014,4,2,9,23,24,22,24,3.883333333,5.5,0,240,9.108333333,0,0
126,2.7.2014,5,7,17,29,31,47,24,5.091666667,6.25,0,0,9.066666667,0,0
127,2.8.2014,10,5,11,56,34,38,37,4.892307692,5.076923077,0.6,0,7.023076923,0,1
128,2.9.2014,5,6,5,27,17,17,23,4.292857143,6,0.9,127,5.042857143,0,1
129,2.10.2014,2,3,1,28,16,13,23,2.95,7,1.7,0,4.033333333,0,0
130,2.11.2014,5,3,8,31,19,25,26,2.55,4.25,0,80,5675,0,0
131,2.12.2014,4,6,4,29,13,14,24,3.491666667,4.333333333,0,273,6.466666667,0,0
132,2.13.2014,4,1,5,21,15,22,29,5.641666667,6.833333333,6.3,58,6.741666667,0,0
133,2.14.2014,14,7,14,52,31,42,44,4.558333333,6.916666667,0.5,176,7025,0,0
134,2.15.2014,6,6,16,59,22,48,37,3.515384615,6.615384615,6.3,0,7.3,0,1
135,2.16.2014,3,6,7,24,11,10,16,3.442857143,6.857142857,0.1,3,7.235714286,0,1
136,2.17.2014,1,2,9,15,16,28,18,1.833333333,1.75,0,309,8475,0,0
137,2.18.2014,1,8,5,26,21,29,13,2.341666667,4.916666667,0,251,8.258333333,0,0
138,2.19.2014,5,5,8,18,24,14,23,1.8,7.916666667,0.2,1,8.191666667,0,0
139,2.20.2014,3,2,10,31,22,23,19,3.233333333,1.333333333,0,427,10.24166667,0,0
140,2.21.2014,2,7,8,25,26,32,29,3.758333333,5.333333333,0.6,15,6825,0,0
141,2.22.2014,14,2,17,43,33,47,37,3.138461538,5.230769231,0.5,165,6.807692308,0,1
142,2.23.2014,7,6,8,22,17,27,22,2.792857143,2.428571429,0,439,7.564285714,0,1
143,2.24.2014,4,2,12,24,19,17,21,2.9,0.083333333,0,472,9.216666667,0,0
144,2.25.2014,6,4,12,38,23,31,19,3.2,6.5,0,299,11.4,0,0
145,2.26.2014,5,6,7,22,25,25,17,3.933333333,6.5,1.9,146,8.241666667,0,0
146,2.27.2014,4,3,10,40,23,28,26,3.441666667,7.166666667,0,0,7.3,0,0
147,2.28.2014,4,11,12,31,20,36,34,3.116666667,6.5,0,205,8.766666667,0,0
148,3.1.2014,8,7,18,51,42,51,41,1.830769231,7.230769231,0.3,76,6.576923077,0,1
149,3.2.2014,4,3,9,19,19,26,15,2.1,5.571428571,0,122,5.742857143,0,1
150,3.3.2014,0,3,10,31,18,12,12,2.633333333,7.583333333,0,11,7.65,0,0
151,3.4.2014,3,0,3,22,15,24,15,3.916666667,5.333333333,0,284,8.808333333,0,0
152,3.5.2014,3,9,9,27,27,27,29,3.566666667,4.583333333,0,253,8.2,0,0
153,3.6.2014,7,3,14,28,30,35,26,2425,2.416666667,0,268,7.991666667,0,0
154,3.7.2014,5,5,15,44,23,31,31,1.858333333,1.75,0,458,10475,0,0
155,3.8.2014,9,8,12,34,33,40,30,2.707692308,0,0,473,11.76923077,0,1
156,3.9.2014,6,5,7,31,20,20,22,2.864285714,0.142857143,0,609,14.32857143,0,1
157,3.10.2014,1,4,11,18,16,12,16,2.816666667,0.333333333,0,483,12.94166667,0,0
158,3.11.2014,5,1,5,24,14,23,18,2.683333333,0.333333333,0,467,12.35833333,0,0
159,3.12.2014,4,4,5,21,20,20,17,2.65,0.5,0,485,14.50833333,0,0
160,3.13.2014,8,0,1,25,31,24,17,2.141666667,0.5,0,482,14.74166667,0,0
161,3.14.2014,6,3,8,31,39,38,19,2.45,0.083333333,0,479,14.80833333,0,0
162,3.15.2014,10,7,12,51,33,52,44,6.038461538,7.692307692,0.5,0,7.623076923,0,1
163,3.16.2014,4,5,9,32,18,19,14,4.235714286,4.214285714,0,208,12.15,0,1
164,3.17.2014,4,2,4,18,20,23,12,4.1,0.25,0,505,14.98333333,0,0
165,3.18.2014,6,3,6,29,19,26,23,4.4,5.333333333,0,276,14.59166667,0,0
166,3.19.2014,1,4,6,25,23,30,19,4.458333333,3.583333333,0,230,12.26666667,0,0
167,3.20.2014,8,3,15,36,22,25,20,3.833333333,0.833333333,0,515,18.96666667,0,0
168,3.21.2014,7,9,7,31,25,38,30,5.583333333,5.833333333,0,256,17.08333333,0,0
169,3.22.2014,4,7,12,39,26,38,45,3.753846154,6.846153846,1,0,9.746153846,0,1
170,3.23.2014,4,4,6,22,13,26,17,3.414285714,6.785714286,0.4,9,6.4,0,1
171,3.24.2014,0,2,6,16,13,8,6,2.841666667,6,3.4,99,4.591666667,0,0
172,3.25.2014,5,1,6,24,23,28,21,2.508333333,2.666666667,0,293,6.091666667,0,0
173,3.26.2014,4,5,14,27,19,38,19,2.333333333,4.416666667,0,200,8.133333333,0,0
174,3.27.2014,4,5,7,27,19,29,15,2.583333333,3.083333333,0,417,11.83333333,0,0
175,3.28.2014,4,6,11,35,25,35,30,3.233333333,1.583333333,0,330,14025,0,0
176,3.29.2014,11,7,16,51,30,56,44,2.907692308,2.769230769,0,435,15.99230769,0,1
177,3.30.2014,6,1,4,21,12,13,11,2.092857143,0.285714286,0,656,15.99285714,0,1
178,3.31.2014,2,9,9,20,21,23,21,1.766666667,0.25,0,500,16875,0,0
179,4.1.2014,9,4,5,16,22,17,21,1.691666667,2.416666667,0,436,17.91666667,0,0
180,4.2.2014,1,3,14,36,16,23,22,2.408333333,3.083333333,0,410,19.71666667,0,0
181,4.3.2014,10,6,16,36,21,25,17,2.916666667,5.083333333,0,242,19.85,0,0
182,4.4.2014,5,5,13,20,19,34,18,2.141666667,2.25,0,378,18.74166667,0,0
183,4.5.2014,13,13,27,56,49,63,60,4.092307692,7.692307692,3.4,0,12.91538462,0,1
184,4.6.2014,2,0,4,26,15,21,16,1.85,4,0,362,15.99285714,0,1
185,4.7.2014,4,2,11,14,19,15,9,3.416666667,4.416666667,0,313,19.59166667,0,0
186,4.8.2014,4,5,6,17,15,30,19,7.641666667,6.25,0,175,12.14166667,0,0
187,4.9.2014,2,3,7,40,23,28,28,4.158333333,3.75,0,515,11.69166667,0,0
188,4.10.2014,1,2,13,45,22,27,28,2.008333333,5.583333333,0,217,13175,0,0
189,4.11.2014,9,6,13,37,27,59,28,2.833333333,0.75,0,586,16425,0,0
190,4.12.2014,2,7,14,47,31,45,31,2.746153846,4.153846154,0,450,17.26153846,0,1
191,4.13.2014,7,3,9,16,16,25,12,4.585714286,1.285714286,0,693,14.72142857,0,1
192,4.14.2014,3,8,10,17,23,19,18,7.266666667,7.083333333,0.2,147,11.11666667,0,0
193,4.15.2014,6,1,4,25,18,28,14,4.208333333,7.916666667,0,18,6.65,0,0
194,4.16.2014,10,7,12,39,22,33,27,2.958333333,3.083333333,0,341,9.858333333,0,0
195,4.17.2014,5,7,18,24,21,21,18,3375,1.333333333,0,596,13.3,0,0
196,4.18.2014,1,3,11,13,9,14,12,3.291666667,6.166666667,0.8,56,6325,1,0
197,4.19.2014,5,4,11,41,21,44,26,3.238461538,7.076923077,0,80,12.16153846,0,1
198,4.20.2014,2,2,5,17,7,14,11,4.764285714,4.357142857,0,328,15.55714286,0,1
199,4.21.2014,2,6,6,12,11,17,9,1.691666667,5.333333333,3.1,175,13.56666667,1,0
200,4.22.2014,5,7,5,23,16,22,25,2.283333333,3.916666667,0.1,325,15.9,0,0
201,4.23.2014,7,3,10,26,19,15,18,2.4,2.583333333,0,386,18.75833333,0,0
202,4.24.2014,2,4,11,19,17,24,16,3.008333333,1.833333333,0.1,515,20.08333333,0,0
203,4.25.2014,3,6,18,36,18,16,39,2.85,4.5,0,372,20.4,0,0
204,4.26.2014,5,3,23,39,31,43,27,2.692307692,5.384615385,1,242,16.84615385,0,1
205,4.27.2014,8,4,4,19,10,13,16,2.842857143,7.428571429,1.1,69,11.91428571,0,1
206,4.28.2014,3,4,11,18,18,19,12,3.566666667,7.583333333,0,0,12.29166667,0,0
207,4.29.2014,3,5,10,27,24,22,13,2.583333333,6.833333333,0,90,14.46666667,0,0
208,4.30.2014,5,5,12,26,24,41,22,2425,7.333333333,1.2,46,13.96666667,0,0
209,5.1.2014,8,6,11,26,27,34,27,2.266666667,5.833333333,16.2,4,12.06666667,1,0
210,5.2.2014,8,7,17,37,48,45,49,3375,7.25,5.5,89,12775,0,0
211,5.3.2014,8,7,15,50,29,55,40,3.007692308,8,0,0,7.761538462,0,1
212,5.4.2014,5,3,6,17,25,24,15,2.092857143,1.428571429,0,690,12.00714286,0,1
213,5.5.2014,3,4,3,19,10,24,11,2.308333333,2.25,0,607,16.84166667,0,0
214,5.6.2014,5,2,9,21,15,27,19,3.35,6.166666667,0,217,20.25833333,0,0
215,5.7.2014,6,5,6,29,18,33,29,5.691666667,4.833333333,0,332,15.1,0,0
216,5.8.2014,2,4,13,17,22,29,8,4.083333333,6.75,0,212,16.85833333,0,0
217,5.9.2014,4,2,9,19,30,34,24,6.016666667,5.583333333,0.1,378,18.03333333,0,0
218,5.10.2014,8,5,16,38,43,43,22,3.015384615,7.307692308,1.4,110,15.86153846,0,1
219,5.11.2014,4,2,3,9,8,18,14,5.3,4.785714286,1.1,322,11.57142857,0,1
220,5.12.2014,1,3,11,17,28,14,19,5.3,6.916666667,2.7,131,10.05,0,0
221,5.13.2014,5,6,9,32,23,29,28,5225,6,2.7,284,11.44166667,0,0
222,5.14.2014,2,0,7,23,30,28,21,4.666666667,3.25,0,509,12925,0,0
223,5.15.2014,1,6,15,40,28,36,21,3.941666667,6.333333333,0,227,11.14166667,0,0
224,5.16.2014,12,9,14,27,28,43,21,3675,2.833333333,0,467,14.89166667,0,0
225,5.17.2014,5,8,20,36,35,39,32,2.392307692,5.461538462,0,385,16.21538462,0,1
226,5.18.2014,3,2,4,8,7,11,18,2.164285714,3.428571429,0,574,17.69285714,0,1
227,5.19.2014,2,4,7,23,14,17,20,2.35,6.833333333,0,281,20.69166667,0,0
228,5.20.2014,3,3,10,29,23,26,19,2875,2.5,0,486,24.40833333,0,0
229,5.21.2014,5,6,13,32,19,27,23,4475,1.833333333,0,476,25.95,0,0
230,5.22.2014,3,5,15,26,23,30,21,3825,4.083333333,0,374,22.25833333,0,0
231,5.23.2014,7,9,10,25,28,28,16,2.333333333,4.166666667,0.5,434,18.4,0,0
232,5.24.2014,3,4,11,42,26,37,28,2.530769231,3,5,367,15.78461538,0,1
233,5.25.2014,4,2,2,12,9,15,14,3.107142857,4.5,0,569,19.59285714,0,1
234,5.26.2014,5,4,11,15,28,24,16,2.191666667,7.083333333,0.7,36,15.89166667,0,0
235,5.27.2014,1,5,6,30,24,29,24,5575,7.666666667,0,94,15825,0,0
236,5.28.2014,3,6,9,29,14,30,23,3.591666667,6.416666667,0,96,16.29166667,0,0
237,5.29.2014,6,4,16,31,19,45,22,3775,6.833333333,0.1,222,17.2,1,0
238,5.30.2014,5,7,7,55,44,48,33,2.9,6.666666667,0,50,12.55,0,0
239,5.31.2014,5,6,16,38,30,39,27,2.515384615,3,0,493,17.6,0,1
240,6.1.2014,2,2,11,21,9,22,17,2.221428571,7.142857143,0,178,17.67857143,0,1
241,6.2.2014,3,7,10,18,17,16,16,2.158333333,6.833333333,0,211,18.04166667,0,0
242,6.3.2014,5,2,8,23,25,33,26,2.441666667,6.666666667,0,234,17925,0,0
243,6.4.2014,7,9,5,25,21,17,21,2.958333333,5.833333333,3.8,205,17.56666667,0,0
244,6.5.2014,3,4,3,18,25,21,18,2.791666667,3.5,0,517,17.88333333,0,0
245,6.6.2014,0,9,10,32,27,32,16,2275,1.916666667,0,669,24.51666667,0,0
246,6.7.2014,6,5,8,25,20,33,17,1.969230769,1.846153846,0,463,28.2,0,1
247,6.8.2014,4,5,8,7,11,17,6,2.792857143,0.857142857,0,763,30.52142857,0,1
248,6.9.2014,3,0,5,8,9,11,9,3.141666667,0.416666667,0,620,32.91666667,1,0
249,6.10.2014,3,1,8,19,13,15,15,3175,4.25,1.1,417,29.10833333,0,0
250,6.11.2014,2,4,9,26,8,27,23,3.166666667,4.666666667,0,305,25.56666667,0,0
251,6.12.2014,3,2,8,24,23,23,11,3.05,2.833333333,0,538,25.45833333,0,0
252,6.13.2014,5,4,15,31,17,32,22,3875,1.833333333,0,620,23275,0,0
253,6.14.2014,9,4,12,37,22,22,27,3.946153846,4.923076923,0,215,17.71538462,0,1
254,6.15.2014,1,1,4,9,10,10,11,3.971428571,4.142857143,0,578,19.49285714,0,1
255,6.16.2014,1,7,4,26,19,20,21,3.558333333,3.083333333,0,456,20.74166667,0,0
256,6.17.2014,2,4,8,27,22,17,22,3.166666667,6.166666667,1.3,266,17.30833333,0,0
257,6.18.2014,5,5,11,27,24,24,24,3.15,3.416666667,0,458,22,0,0
258,6.19.2014,5,8,1,29,16,17,16,4.666666667,2.333333333,0,574,21.03333333,1,0
259,6.20.2014,1,5,10,29,33,34,22,4175,5.833333333,0,212,16.6,0,0
260,6.21.2014,6,5,14,48,25,25,27,2.607692308,1.846153846,0,597,19.33846154,0,1
261,6.22.2014,2,3,5,11,8,21,16,3.05,1.071428571,0,782,21.64285714,0,1
262,6.23.2014,2,4,7,25,15,23,19,2.7,3.75,0,409,22.56666667,0,0
263,6.24.2014,4,1,7,18,26,19,20,2.516666667,1.416666667,0,635,22325,0,0
264,6.25.2014,11,11,11,24,18,24,22,4.666666667,4.916666667,0,372,17.98333333,0,0
265,6.26.2014,6,6,17,46,41,30,28,2.541666667,2.916666667,0,658,20.84166667,0,0
266,6.27.2014,7,6,10,33,27,34,21,2.566666667,5,0,325,24.15,0,0
267,6.28.2014,9,4,21,41,25,32,44,2.723076923,6.846153846,2.6,83,19.31538462,0,1
268,6.29.2014,2,2,7,25,18,23,24,5.064285714,6.428571429,5.9,113,17.31428571,0,1
269,6.30.2014,4,2,9,25,18,19,26,4.558333333,6.333333333,0.1,243,16.53333333,0,0
270,7.1.2014,3,3,15,17,13,39,17,2.158333333,4.416666667,0,387,20725,0,0
271,7.2.2014,3,2,6,22,17,21,20,3.141666667,3,0,474,20.79166667,0,0
272,7.3.2014,3,2,7,23,17,20,11,3.466666667,0.916666667,0,672,25.95,0,0
273,7.4.2014,8,6,11,57,17,30,24,3375,4.083333333,0,349,28.08333333,0,0
274,7.5.2014,14,3,15,51,37,20,27,3.4,7.307692308,0.2,59,21.25384615,0,1
275,7.6.2014,1,0,2,11,15,13,20,3.114285714,3.642857143,0,633,28.00714286,0,1
276,7.7.2014,3,7,14,30,17,22,17,2.983333333,6.166666667,0,191,21.53333333,0,0
277,7.8.2014,5,4,8,28,19,46,24,3.791666667,7.916666667,7.2,0,14525,0,0
278,7.9.2014,8,5,11,17,17,22,17,4.183333333,7,7.5,0,12.6,0,0
279,7.10.2014,4,7,11,26,20,37,28,2.033333333,8,0,0,14.76666667,0,0
280,7.11.2014,7,7,22,26,22,37,28,2.991666667,6,0.3,317,21175,0,0
281,7.12.2014,6,8,14,52,29,36,31,3.861538462,6.923076923,0.2,91,19.19230769,0,1
282,7.13.2014,4,5,10,42,27,30,29,3.228571429,6.928571429,0.5,161,19.91428571,0,1
283,7.14.2014,2,7,13,28,18,21,14,3425,4.666666667,2.5,371,21.23333333,0,0
284,7.15.2014,5,2,4,15,17,14,15,2.408333333,2.666666667,0,494,23.2,0,0
285,7.16.2014,2,7,5,26,16,29,21,1.95,3.833333333,0,450,24.7,0,0
286,7.17.2014,6,1,15,32,13,31,22,1.816666667,1.583333333,0,658,26.78333333,0,0
287,7.18.2014,4,4,7,20,20,22,25,3.2,0.833333333,0,658,29.38333333,0,0
288,7.19.2014,1,2,8,32,16,35,30,2.638461538,0.384615385,0,572,30.40769231,0,1
289,7.20.2014,1,2,7,15,12,30,21,2.85,5.571428571,3.8,185,23.96428571,0,1
290,7.21.2014,9,4,13,22,15,27,22,3.791666667,7.666666667,0,7,19.93333333,0,0
291,7.22.2014,1,4,6,28,27,31,33,2.616666667,5.583333333,0.3,53,21.6,0,0
292,7.23.2014,4,11,15,27,23,23,12,3.583333333,3.083333333,0,564,25.3,0,0
293,7.24.2014,4,5,8,19,25,20,17,2.366666667,1.666666667,0,594,24.7,0,0
294,7.25.2014,5,5,15,31,21,30,24,2.058333333,4.416666667,0.1,328,23.01666667,0,0
295,7.26.2014,7,5,11,44,27,47,32,3.284615385,6.307692308,0.6,3,20.16923077,0,1
296,7.27.2014,7,3,10,18,18,25,14,3.85,4.928571429,0,459,23.62857143,0,1
297,7.28.2014,1,7,19,35,30,32,9,2.983333333,4.666666667,4.5,420,24.15833333,0,0
298,7.29.2014,2,6,5,37,17,25,17,2.316666667,7.833333333,0.1,9,18.68333333,0,0
299,7.30.2014,7,2,15,41,26,44,29,5.208333333,7.583333333,0.1,31,19875,0,0
300,7.31.2014,3,2,17,21,25,20,18,1.733333333,2.416666667,0,431,22.76666667,0,0
301,8.1.2014,8,9,12,26,24,31,17,2.991666667,2.583333333,0,408,23.66666667,0,0
302,8.2.2014,5,4,11,38,22,40,19,2.207692308,6.230769231,1.3,221,22.15384615,0,1
303,8.3.2014,4,6,8,25,18,18,15,2.278571429,6.5,0.1,138,20.77142857,0,1
304,8.4.2014,6,7,7,25,15,29,19,3025,5,4.2,353,21.85833333,0,0
305,8.5.2014,4,5,14,28,33,35,28,4.158333333,3.333333333,0,427,20.25833333,0,0
306,8.6.2014,8,2,8,38,26,38,26,2.258333333,5.5,0,306,22075,0,0
307,8.7.2014,3,10,5,17,29,40,25,2.258333333,4,0,303,21.10833333,0,0
308,8.8.2014,8,2,13,40,24,38,20,3,3.166666667,0,511,25.06666667,0,0
309,8.9.2014,6,5,9,46,32,46,28,3.315384615,3.307692308,0,482,22.96153846,0,1
310,8.10.2014,3,5,3,19,16,19,20,3.478571429,7.071428571,0.8,240,25.08571429,0,1
311,8.11.2014,4,1,13,33,21,26,13,3.241666667,4.833333333,0,382,20.76666667,0,0
312,8.12.2014,2,2,9,24,27,47,20,2.508333333,6.166666667,0,251,20.00833333,0,0
313,8.13.2014,3,7,9,34,24,21,20,2.95,7.166666667,5.9,70,16.05833333,0,0
314,8.14.2014,3,3,9,25,16,30,24,2.608333333,7.166666667,3,174,16.70833333,0,0
315,8.15.2014,2,5,7,26,36,43,32,3,5.916666667,3.3,169,15.13333333,0,0
316,8.16.2014,6,6,4,47,33,45,32,4.515384615,4.692307692,0.9,301,16.28461538,0,1
317,8.17.2014,3,6,7,23,22,28,1,3.7,3.571428571,0,497,19.02142857,0,1
318,8.18.2014,4,3,8,20,17,24,15,4.691666667,7.666666667,0,15,16.28333333,0,0
319,8.19.2014,6,4,7,22,15,47,22,2.983333333,5.166666667,0,275,17.58333333,0,0
320,8.20.2014,7,7,14,41,33,27,24,2.141666667,5.666666667,0,241,16.29166667,0,0
321,8.21.2014,4,7,15,31,29,34,21,2.441666667,5.166666667,0,355,17.3,0,0
322,8.22.2014,4,4,14,19,26,24,18,2.8,6.416666667,0,224,18.33333333,0,0
323,8.23.2014,8,6,17,57,43,54,34,2.684615385,7.307692308,2.9,64,14.65384615,0,1
324,8.24.2014,1,1,5,19,10,20,7,3.7,4.5,0,449,15.19285714,0,1
325,8.25.2014,3,5,8,22,15,31,24,2.366666667,7.5,0,75,17.31666667,0,0
326,8.26.2014,5,8,3,32,21,25,22,2.6,7.75,26.4,40,17125,0,0
327,8.27.2014,8,10,5,23,25,30,21,1.541666667,4.583333333,0,275,17.65,0,0
328,8.28.2014,1,6,10,22,21,19,28,1.608333333,5.166666667,0,392,21525,0,0
329,8.29.2014,6,3,10,36,38,47,25,2625,7.083333333,0.3,195,20.9,0,0
330,8.30.2014,3,2,12,40,21,43,23,2.561538462,5.230769231,0,422,20.33076923,0,1
331,8.31.2014,2,8,6,11,4,13,11,2.985714286,7.785714286,20.2,54,13.90714286,0,1
332,9.1.2014,1,0,10,26,27,25,14,2.091666667,7.833333333,0,23,14.81666667,0,0
333,9.2.2014,3,3,11,32,26,40,21,1875,7.583333333,0.1,45,15.95833333,0,0
334,9.3.2014,3,4,10,17,24,31,11,2.866666667,8,0,0,15.88333333,0,0
335,9.4.2014,6,4,9,28,32,30,21,1.641666667,7.75,0,0,17.71666667,0,0
336,9.5.2014,4,3,9,32,24,24,19,1.808333333,4.083333333,0,496,22.45,0,0
337,9.6.2014,2,4,6,27,24,29,16,1.4,3.769230769,0,355,22.19230769,0,1
338,9.7.2014,6,3,4,16,12,17,22,2.078571429,5,0,460,21.51428571,0,1
339,9.8.2014,3,5,9,29,23,21,20,1.983333333,4.75,0,446,23025,0,0
340,9.9.2014,2,9,8,28,17,34,10,2.3,2.666666667,0,455,20.63333333,0,0
341,9.10.2014,4,6,22,36,30,32,31,2.841666667,4.25,0,414,17.04166667,0,0
342,9.11.2014,4,8,6,30,23,25,13,2.916666667,6.166666667,2.2,47,13.26666667,0,0
343,9.12.2014,1,4,5,19,25,40,19,5.316666667,7.916666667,12.2,0,12.25833333,0,0
344,9.13.2014,4,6,17,45,28,52,28,1.415384615,7.846153846,0.7,0,14.96153846,0,1
345,9.14.2014,3,8,10,13,12,16,14,1.971428571,6,0,178,17.51428571,0,1
346,9.15.2014,2,2,9,22,10,14,20,2.033333333,6.416666667,0,95,18025,0,0
347,9.16.2014,5,4,13,26,20,14,9,2.25,3.333333333,0,425,20.39166667,0,0
348,9.17.2014,2,5,9,28,20,22,20,2.666666667,1.5,0,546,21.73333333,0,0
349,9.18.2014,9,0,8,37,20,27,16,1.608333333,5.75,1.1,250,20.95833333,0,0
350,9.19.2014,3,3,14,40,29,30,25,2.058333333,5.166666667,8,248,20.31666667,0,0
351,9.20.2014,8,3,8,43,25,43,28,2.276923077,3.615384615,0,407,20.86923077,0,1
352,9.21.2014,3,1,2,16,7,11,19,4.142857143,7.142857143,7.8,104,16.59285714,0,1
353,9.22.2014,7,6,8,26,13,20,11,4.308333333,4.833333333,2.3,72,11125,0,0
354,9.23.2014,3,0,11,24,23,22,18,1.983333333,2.5,0,404,12.3,0,0
355,9.24.2014,2,6,6,34,23,32,21,2.058333333,6.833333333,0.1,220,14.28333333,0,0
356,9.25.2014,4,5,11,32,23,32,16,3.566666667,6.75,0,152,14.41666667,0,0
357,9.26.2014,5,4,14,37,33,36,23,3.333333333,2.916666667,0,465,16.3,0,0
358,9.27.2014,8,4,10,27,30,29,22,2.153846154,3.615384615,0,280,17.33076923,0,1
359,9.28.2014,1,3,5,14,17,12,14,1.878571429,2.428571429,0,601,18.92142857,0,1
360,9.29.2014,0,5,17,18,30,25,17,2.041666667,4.25,0,406,21.74166667,0,0
361,9.30.2014,2,5,5,20,29,26,20,1.516666667,6.666666667,0.9,29,17.79166667,0,0
362,10.1.2014,2,5,8,35,16,18,17,1.683333333,2.916666667,0,324,18.34166667,0,0
363,10.2.2014,5,5,7,39,30,30,16,1625,1.333333333,0,396,18.09166667,0,0
364,10.3.2014,3,5,9,30,16,33,25,2.733333333,1.833333333,0,471,17.13333333,1,0
365,10.4.2014,5,1,15,35,20,38,26,3.630769231,1,0,483,13.86153846,0,1
366,10.5.2014,0,1,4,18,20,17,12,2.692857143,3.071428571,0,380,14.86428571,0,1
367,10.6.2014,7,3,10,22,21,17,19,2.991666667,3.833333333,0,172,14,0,0
368,10.7.2014,3,8,8,24,9,26,20,4.408333333,7.666666667,0.7,10,16175,0,0
369,10.8.2014,4,2,3,20,18,25,17,3625,7.583333333,0.1,82,18.83333333,0,0
370,10.9.2014,3,7,3,32,28,24,11,2.891666667,6.166666667,0,290,21.4,0,0
371,10.10.2014,4,6,11,30,23,33,14,1.333333333,7.083333333,0.5,0,16.28333333,0,0
372,10.11.2014,4,6,12,46,41,49,32,2.115384615,6.153846154,0,44,16.27692308,0,1
373,10.12.2014,2,6,3,23,18,25,18,2.235714286,5.928571429,0,241,16.45,0,1
374,10.13.2014,2,3,5,14,20,13,7,2.508333333,7.5,0.8,3,16.04166667,0,0
375,10.14.2014,2,6,9,18,12,16,13,2.5,2.166666667,0,404,17.9,0,0
376,10.15.2014,1,3,1,18,11,12,9,1.258333333,5.083333333,0,206,17,0,0
377,10.16.2014,3,2,8,29,22,27,25,3.233333333,7.416666667,0.4,11,15.9,0,0
378,10.17.2014,8,3,16,26,17,26,20,2825,5.25,0,107,15.31666667,0,0
379,10.18.2014,4,4,15,36,33,52,36,3.053846154,1.538461538,0,502,18.03076923,0,1
380,10.19.2014,4,4,4,19,16,16,15,3.15,2.142857143,0,527,19.95,0,1
381,10.20.2014,6,4,5,20,20,31,25,3.066666667,7.916666667,0,10,17.14166667,0,0
382,10.21.2014,3,6,8,24,25,14,12,6.066666667,6.25,1.6,167,14725,0,0
383,10.22.2014,2,4,3,25,17,30,18,8.95,7.416666667,0,12,7.55,0,0
384,10.23.2014,2,1,3,17,17,28,21,3475,6.666666667,0,131,9.716666667,0,0
385,10.24.2014,3,7,10,39,30,39,29,2.308333333,2.583333333,0,420,11.1,0,0
386,10.25.2014,8,2,14,37,47,48,49,1.246153846,8,0,24,12.20769231,0,1
387,10.26.2014,5,2,6,11,20,12,16,1.671428571,2.571428571,0,316,13.55714286,0,1
388,10.27.2014,4,5,8,9,12,11,14,3.608333333,5.166666667,0,360,9.5,0,0
389,10.28.2014,4,4,5,42,23,29,18,1.916666667,4.75,0,0,7.583333333,0,0
390,10.29.2014,2,2,4,17,20,22,12,1.533333333,4,0,285,11025,0,0
391,10.30.2014,4,2,10,36,32,25,19,1.733333333,7,0,0,12.35833333,0,0
392,10.31.2014,6,7,6,37,27,46,24,2.05,7.916666667,0,222,15.04166667,0,0
393,11.1.2014,5,3,11,52,34,40,32,1.738461538,2,0,397,14.50769231,1,1
394,11.2.2014,1,3,4,19,9,33,13,2.235714286,2.071428571,0,512,13.40714286,0,1
395,11.3.2014,1,5,13,29,24,28,24,2.508333333,7.333333333,0,106,15.35833333,0,0
396,11.4.2014,5,6,7,28,25,26,21,2.916666667,4.166666667,0,102,11.7,0,0
397,11.5.2014,3,3,7,35,17,31,16,2.416666667,8,10.9,0,7.116666667,0,0
398,11.6.2014,6,5,12,21,24,34,24,1.633333333,5.25,0,62,7.75,0,0
399,11.7.2014,5,3,11,32,33,44,26,2825,5.75,0,230,10.43333333,0,0
400,11.8.2014,9,9,20,51,65,76,62,2.184615385,1.384615385,0,350,10.45384615,0,1
401,11.9.2014,0,1,8,19,17,2,23,2.057142857,4.928571429,0,299,9.15,0,1
402,11.10.2014,2,0,7,19,15,23,15,2.033333333,4.416666667,1.8,0,7.991666667,0,0
403,11.11.2014,4,7,4,22,20,17,22,1.391666667,5.833333333,0,55,7725,0,0
404,11.12.2014,13,3,5,28,38,39,19,1.533333333,7.916666667,1.3,0,7.8,0,0
405,11.13.2014,3,1,12,28,32,25,15,1.5,7.916666667,0,0,9.65,0,0
406,11.14.2014,1,4,6,31,32,36,26,2.75,3.666666667,0,267,9.991666667,0,0
407,11.15.2014,8,11,19,54,46,57,56,2.138461538,6.923076923,3.9,122,9.730769231,0,1
408,11.16.2014,2,2,8,25,11,41,12,2.764285714,6.571428571,0.6,93,9.671428571,0,1
409,11.17.2014,3,6,7,23,16,24,20,2.166666667,7.416666667,0,23,7.4,0,0
410,11.18.2014,4,2,7,30,22,39,17,3.591666667,7.416666667,4.2,0,7.191666667,0,0
411,11.19.2014,8,6,11,36,39,36,28,1.583333333,7,0.1,0,7.133333333,0,0
412,11.20.2014,2,6,7,25,30,27,22,2.7,7.916666667,0,3,6,0,0
413,11.21.2014,3,8,13,42,17,29,32,2375,7.833333333,0,1,7.266666667,0,0
414,11.22.2014,6,8,12,62,49,70,59,1.576923077,2.692307692,0,318,10.49230769,0,1
415,11.23.2014,1,5,7,26,16,20,19,3.471428571,1.214285714,0,440,8.75,0,1
416,11.24.2014,0,7,8,18,14,30,15,2.458333333,7.5,0,115,8.558333333,0,0
417,11.25.2014,1,6,10,22,25,30,19,4.516666667,8,0,6,8.141666667,0,0
418,11.26.2014,1,7,4,40,23,17,13,3.241666667,8,0,0,6175,0,0
419,11.27.2014,1,3,6,16,23,36,13,3.141666667,6.5,0,107,6475,0,0
420,11.28.2014,4,6,8,37,36,33,25,3725,4.416666667,0,284,4.3,0,0
421,11.29.2014,14,10,18,40,44,64,45,4.115384615,8,0,0,2.807692308,0,1
422,11.30.2014,3,3,10,17,11,25,14,2.742857143,8,0,0,2.521428571,0,1
423,12.1.2014,1,2,8,19,11,23,15,3.066666667,8,0.3,0,3.25,0,0
424,12.2.2014,3,5,5,22,12,24,19,1775,8,0.4,0,2.741666667,0,0
425,12.3.2014,4,4,10,37,20,41,29,2.216666667,8,0,0,2.516666667,0,0
426,12.4.2014,3,5,10,24,23,34,15,1.466666667,7.916666667,0,0,3.891666667,0,0
427,12.5.2014,3,4,9,38,29,30,29,1.566666667,8,0.1,0,3,0,0
428,12.6.2014,11,13,11,27,37,45,37,2.384615385,7.923076923,0,0,3.792307692,0,1
429,12.7.2014,2,3,10,25,12,20,7,2.085714286,7.428571429,0,0,2.9,0,1
430,12.8.2014,0,2,7,19,20,20,19,1.658333333,6.25,0,32,4.05,0,0
431,12.9.2014,4,6,12,34,19,39,22,1.3,8,0,0,1.95,0,0
432,12.10.2014,6,3,5,29,23,21,18,3625,7.166666667,1.6,2,3.458333333,0,0
433,12.11.2014,1,10,13,24,23,34,26,5.45,6.75,0,71,6.308333333,0,0
434,12.12.2014,8,7,11,35,20,26,27,5.95,7.5,0,76,9325,0,0
435,12.13.2014,13,8,18,60,56,87,82,3.223076923,7.692307692,0,57,10.41538462,0,1
436,12.14.2014,2,1,3,21,10,21,12,1.435714286,8,0.9,0,8.071428571,0,1
437,12.15.2014,0,4,9,22,20,25,19,1475,5.583333333,0,44,6925,0,0
438,12.16.2014,3,5,10,26,20,22,19,2,7.833333333,0.4,0,5.891666667,0,0
439,12.17.2014,4,5,12,14,23,33,26,3.641666667,7.75,2,0,5.208333333,0,0
440,12.18.2014,6,3,11,32,19,51,16,3.441666667,6.25,2,0,11.59166667,0,0
441,12.19.2014,7,4,16,34,20,43,28,4.908333333,7.416666667,4.6,0,10.54166667,0,0
442,12.20.2014,6,8,13,30,27,43,38,6.369230769,7.846153846,0,13,6.353846154,0,1
443,12.21.2014,3,2,9,21,10,14,5,3.485714286,6.928571429,0,149,6.3,0,1
444,12.22.2014,6,3,8,33,36,56,32,2.091666667,6.333333333,0,106,7.616666667,0,0
445,12.23.2014,4,2,5,18,23,28,14,1.766666667,0.666666667,0,356,6.466666667,0,0
446,12.27.2014,0,4,7,28,24,38,25,3.407692308,6.923076923,5.1,25,1.5,0,1
447,12.28.2014,5,3,4,15,7,12,9,3.442857143,3,0.1,50,-5.942857143,0,1
448,12.29.2014,6,4,12,29,14,37,30,3.391666667,7.833333333,0.2,0,-3025,0,0
449,12.30.2014,6,3,4,33,22,35,22,4.708333333,7.916666667,0.7,0,0.016666667,0,0
450,1.1.2015,2,5,2,5,20,18,11,2.141666667,8,0,0,975,1,0
451,1.2.2015,2,3,12,31,37,39,28,3.283333333,7.583333333,2.7,0,3825,0,0
452,1.3.2015,8,0,7,43,33,36,31,3.546153846,6.923076923,13,0,4.107692308,0,1
453,1.4.2015,4,2,6,20,25,14,11,4.621428571,6,0,164,2.971428571,0,1
454,1.5.2015,9,7,15,46,47,44,35,1.516666667,0.083333333,0,393,2.958333333,0,0
455,1.6.2015,2,7,10,24,18,28,17,1825,4.75,0,319,1.916666667,1,0
456,1.7.2015,4,6,16,26,26,23,15,1.8,6.333333333,0,81,2.216666667,0,0
457,1.8.2015,2,2,6,24,13,23,12,5.35,7.833333333,0.2,0,8.183333333,0,0
458,1.9.2015,2,3,8,33,21,28,17,5.533333333,7.666666667,1.9,0,9.5,0,0
459,1.10.2015,8,12,17,47,34,52,50,7.192307692,6.692307692,0.9,157,13.39230769,0,1
460,1.11.2015,2,1,13,18,16,29,18,7.571428571,5.714285714,0,170,3.857142857,0,1
461,1.12.2015,3,1,9,15,14,18,18,3.608333333,5.583333333,0,126,6175,0,0
462,1.13.2015,2,1,11,17,27,28,23,4.033333333,3.416666667,0,393,12425,0,0
463,1.14.2015,7,4,10,32,24,28,20,4.908333333,4.833333333,3.7,39,5.208333333,0,0
464,1.15.2015,5,7,8,27,22,32,21,4.008333333,7.5,0,0,8.591666667,0,0
465,1.16.2015,7,5,9,36,24,45,18,1.433333333,7.083333333,1.2,0,5.966666667,0,0
466,1.17.2015,9,12,12,31,31,56,27,2.138461538,7.076923077,1.5,0,3.153846154,0,1
467,1.18.2015,5,4,5,15,17,26,3,2.864285714,5.785714286,0,190,1.542857143,0,1
468,1.19.2015,1,1,7,27,22,31,14,1.466666667,7.666666667,1.6,34,1.95,0,0
469,1.20.2015,0,8,4,14,24,33,14,1.8,7.166666667,1,0,-125,0,0
470,1.21.2015,3,2,12,18,30,45,19,3.641666667,8,0,0,1.45,0,0
471,1.22.2015,0,2,10,18,18,37,24,1.691666667,8,0.1,0,0.641666667,0,0
472,1.23.2015,2,7,8,26,19,29,32,2.308333333,7.75,0,0,0.783333333,0,0
473,1.24.2015,8,9,16,50,33,49,33,2.869230769,7.692307692,0.4,7,0.823076923,0,1
474,1.25.2015,5,7,6,20,17,26,18,3.007142857,7.642857143,0,19,1.592857143,0,1
475,1.26.2015,0,6,4,17,19,24,14,3.091666667,5.666666667,3.8,0,0.866666667,0,0
476,1.27.2015,5,4,12,30,17,30,18,5.416666667,7.583333333,0.2,17,2675,0,0
477,1.28.2015,5,4,10,27,18,34,26,4.95,7.666666667,0,0,3.708333333,0,0
478,1.29.2015,6,4,12,32,17,35,25,5.091666667,6.583333333,0,88,3.666666667,0,0
479,1.30.2015,6,2,12,29,23,46,27,3.45,3.916666667,5.5,236,1.383333333,0,0
480,1.31.2015,5,4,15,52,40,69,33,2.523076923,4.538461538,0.7,107,1.823076923,0,1
481,2.1.2015,3,3,4,26,14,23,13,3.285714286,7.357142857,1,42,1.107142857,0,1
482,2.2.2015,5,1,6,13,12,15,16,4.366666667,3.916666667,0.1,72,475,0,0
483,2.3.2015,7,2,8,29,11,18,16,1.4,4.25,0,386,-575,0,0
484,2.4.2015,1,3,9,24,22,25,29,1.383333333,8,0,0,-1.908333333,0,0
485,2.5.2015,1,3,11,24,20,21,16,4.716666667,8,0,6,-1.241666667,0,0
486,2.6.2015,5,3,13,43,18,31,16,5.091666667,2.333333333,0,240,-0.733333333,0,0
487,2.7.2015,7,6,6,35,34,55,30,2.807692308,0.538461538,0,428,-1.723076923,0,1
488,2.8.2015,1,3,8,17,9,25,18,4.964285714,4.357142857,0.1,156,1.128571429,0,1
489,2.9.2015,2,2,7,29,18,18,18,4.25,7.916666667,0.2,1,2325,0,0
490,2.10.2015,1,6,12,31,14,26,10,1.766666667,8,0,0,3.333333333,0,0
491,2.11.2015,3,7,15,32,20,41,13,2.783333333,0.833333333,0,365,3.191666667,0,0
492,2.12.2015,2,4,9,24,18,50,19,1.866666667,0.166666667,0,443,3225,0,0
493,2.13.2015,3,4,6,24,21,26,23,1.841666667,0.75,0,422,4.433333333,0,0
494,2.14.2015,4,11,18,80,34,88,59,2.523076923,2.461538462,0,337,4.461538462,0,1
495,2.15.2015,3,5,7,22,20,19,19,3.114285714,5.5,0,229,0.4,0,1
496,2.16.2015,8,3,10,20,16,36,20,2.35,2.166666667,0,254,0.75,0,0
497,2.17.2015,5,1,5,20,21,19,11,2.733333333,8,0,0,-0.308333333,0,0
498,2.18.2015,6,3,8,32,23,45,31,2925,8,0,0,0.7,0,0
499,2.19.2015,2,0,6,30,12,33,21,2,2.583333333,0,256,0.691666667,0,0
500,2.20.2015,5,6,22,50,28,57,32,4.033333333,0.166666667,0,458,9.741666667,0,0
501,2.21.2015,8,1,30,50,24,55,30,4.015384615,6.846153846,0.1,15,4.946153846,0,1
502,2.22.2015,0,11,10,18,14,22,17,1.764285714,5.928571429,1,218,3.885714286,0,1
503,2.23.2015,3,2,7,16,8,24,16,3.35,5.583333333,0.6,9,5.133333333,0,0
504,2.24.2015,5,6,9,30,13,35,19,3.058333333,7.333333333,0,11,5.016666667,0,0
505,2.25.2015,2,5,6,28,14,19,13,2.216666667,1.75,0,262,5.733333333,0,0
506,2.26.2015,2,6,4,32,23,41,25,4.016666667,0.5,0,468,7.191666667,0,0
507,2.27.2015,6,8,6,24,16,25,23,4075,7.75,6.4,0,2.766666667,0,0
508,2.28.2015,6,9,14,48,32,79,36,2.6,4.923076923,0,205,4.992307692,0,1
509,3.1.2015,1,6,8,22,10,24,26,3.671428571,7.714285714,0,31,8.764285714,0,1
510,3.2.2015,6,5,1,26,11,19,26,6.891666667,6.666666667,2.2,48,5.4,0,0
511,3.3.2015,4,10,16,29,22,24,36,4.216666667,4.916666667,0,299,8.941666667,0,0
512,3.4.2015,6,4,11,21,19,33,13,4.65,4.5,0,306,5.216666667,0,0
513,3.5.2015,5,3,9,22,11,27,27,4,6.916666667,0,170,4.891666667,0,0
514,3.6.2015,3,5,18,46,22,35,38,1.791666667,1.416666667,0,405,6.616666667,0,0
515,3.7.2015,11,7,26,64,39,83,41,2.669230769,2.538461538,0,316,8.576923077,0,1
516,3.8.2015,7,2,8,30,20,27,15,2.028571429,0.428571429,0,566,10.92857143,0,1
517,3.9.2015,2,4,6,22,21,21,18,1.783333333,0,0,483,12.49166667,0,0
518,3.10.2015,2,5,14,31,20,29,19,3.191666667,7.75,0.2,108,10275,0,0
519,3.11.2015,6,5,14,28,24,38,29,2.783333333,0.583333333,0,483,7.016666667,0,0
520,3.12.2015,4,5,9,31,15,33,30,2.908333333,2.833333333,0,258,7.091666667,0,0
521,3.13.2015,10,10,16,37,26,49,33,4375,6,0,85,5.533333333,0,0
522,3.14.2015,12,16,17,55,43,60,46,2.384615385,7.615384615,0,0,4.753846154,0,1
523,3.15.2015,2,5,9,26,13,28,19,3.085714286,2.785714286,0,348,6.914285714,0,1
524,3.16.2015,4,8,12,27,23,33,21,1925,2.333333333,0,470,12925,0,0
525,3.17.2015,3,1,12,24,15,28,17,2.141666667,4,0,430,15.63333333,0,0
526,3.18.2015,5,5,19,41,8,40,16,2.533333333,0.833333333,0,475,14.21666667,0,0
527,3.19.2015,5,7,9,28,19,41,18,2.058333333,1,0,468,13.13333333,0,0
528,3.20.2015,7,5,5,39,32,47,21,1.933333333,0.583333333,0,494,11.91666667,0,0
529,3.21.2015,8,17,13,60,32,56,21,4.453846154,7,0,136,7.569230769,0,1
530,3.22.2015,2,2,8,18,23,30,17,4.557142857,7.928571429,0,30,7.085714286,0,1
531,3.23.2015,2,4,10,19,21,26,18,2.108333333,4,0,161,7.25,0,0
532,3.24.2015,3,3,12,26,17,22,27,2.383333333,3.083333333,0.3,435,12.63333333,0,0
533,3.25.2015,4,4,15,36,24,36,23,6.058333333,3.916666667,0,356,11.99166667,0,0
534,3.26.2015,4,4,12,37,10,31,19,3.3,7.583333333,0.4,0,7.1,0,0
535,3.27.2015,6,4,18,35,36,55,22,5.458333333,7.166666667,0,95,8.75,0,0
536,3.28.2015,9,7,22,66,34,71,55,3.107692308,5.230769231,0,311,10.63076923,0,1
537,3.29.2015,1,1,8,29,20,24,21,5.828571429,7.5,0.4,0,11.13571429,0,1
538,3.30.2015,3,2,16,31,14,29,16,7.591666667,5.833333333,2.6,102,8.35,0,0
539,3.31.2015,2,13,16,55,34,39,28,11.39166667,6.666666667,2.2,83,9.591666667,0,0
540,4.1.2015,4,1,10,41,19,32,19,8.1,4.833333333,0.3,381,5625,0,0
541,4.2.2015,5,3,17,25,22,37,22,6.5,5.083333333,3.7,122,5.966666667,0,0
542,4.3.2015,1,2,10,11,11,20,12,2025,4.666666667,0,422,9.233333333,1,0
543,4.4.2015,2,7,15,62,17,46,21,2.569230769,7,4.8,0,3.907692308,0,1
544,4.5.2015,1,4,4,11,3,18,6,3.328571429,4.071428571,0,501,6.185714286,0,1
545,4.6.2015,5,1,9,21,14,34,16,2.666666667,6,0,101,6375,1,0
546,4.7.2015,5,6,15,35,19,23,28,1.641666667,0.166666667,0,586,8.916666667,0,0
547,4.8.2015,4,7,12,35,19,34,27,2.083333333,0.333333333,0,558,12.41666667,0,0
548,4.9.2015,4,3,14,27,23,36,22,1925,0.833333333,0,565,15825,0,0
549,4.10.2015,4,10,17,40,25,41,32,1625,2.5,0,561,18.68333333,0,0
550,4.11.2015,5,8,18,69,47,62,32,4.207692308,7.384615385,0.1,48,14.63846154,0,1
551,4.12.2015,2,3,7,20,9,25,22,1.9,4.357142857,0,354,15.37857143,0,1
552,4.13.2015,6,3,5,16,18,26,10,5.033333333,3.833333333,0,373,15.83333333,0,0
553,4.14.2015,6,3,8,22,17,28,15,3.6,1.25,0,599,18.1,0,0
554,4.15.2015,1,3,18,17,14,32,20,2.691666667,1.166666667,0,538,22425,0,0
555,4.16.2015,5,3,3,31,24,35,18,2.016666667,5.75,0,241,20.65,0,0
556,4.17.2015,10,4,25,43,26,57,32,5.008333333,7.333333333,0,130,13075,0,0
557,4.18.2015,5,2,10,42,26,51,41,3.453846154,1.461538462,0,536,10.34615385,0,1
558,4.19.2015,1,1,7,16,14,30,9,3.921428571,0.428571429,0,735,13.51428571,0,1
559,4.20.2015,2,3,8,27,13,25,14,2.658333333,0.833333333,0,609,15.98333333,0,0
560,4.21.2015,2,5,17,24,16,18,17,2.008333333,1.583333333,0,611,18.50833333,0,0
561,4.22.2015,0,12,9,28,22,37,19,4.533333333,1.583333333,0,605,15.03333333,0,0
562,4.23.2015,1,3,11,31,20,25,20,2.366666667,0.25,0,615,12.74166667,0,0
563,4.24.2015,6,5,15,47,18,49,26,2.183333333,1.916666667,0,565,17625,0,0
564,4.25.2015,12,4,18,59,21,45,42,2.684615385,7.153846154,1.3,2,14.47692308,0,1
565,4.26.2015,1,3,14,20,5,25,15,1.907142857,5.214285714,4.5,395,17.76428571,0,1
566,4.27.2015,4,1,14,23,16,33,18,4425,6.833333333,3.3,202,16.21666667,0,0
567,4.28.2015,4,3,17,33,22,23,27,4.983333333,5.083333333,0,247,10.03333333,0,0
568,4.29.2015,3,7,14,40,19,35,13,3375,3.666666667,0,511,14.05833333,0,0
569,4.30.2015,4,3,12,31,14,45,16,3.666666667,6.583333333,0,122,13.75833333,0,0
570,5.1.2015,6,4,11,28,13,37,27,1.758333333,7.833333333,7.3,0,9.3,1,0
571,5.2.2015,14,15,22,70,35,63,44,1.384615385,7.461538462,0,7,12.69230769,0,1
572,5.3.2015,1,4,6,23,15,21,24,2.028571429,7.642857143,4.4,0,15.64285714,0,1
573,5.4.2015,3,2,10,20,17,25,20,4.191666667,4.666666667,0,494,21.13333333,0,0
574,5.5.2015,4,4,8,35,24,29,17,3.683333333,7.666666667,0.1,9,19925,0,0
575,5.6.2015,4,6,9,18,22,44,22,3.45,6.5,0,228,16.88333333,0,0
576,5.7.2015,6,4,6,31,16,42,25,3725,2.916666667,0,499,15.20833333,0,0
577,5.8.2015,5,6,9,29,16,44,30,2.841666667,3,0,481,20.01666667,0,0
578,5.9.2015,5,6,15,41,24,50,22,4.846153846,5.076923077,1.1,344,17.65384615,0,1
579,5.10.2015,2,4,9,28,8,31,14,3.385714286,2.642857143,0,539,17.87142857,0,1
580,5.11.2015,2,5,8,31,14,32,18,2.716666667,2.833333333,0,586,23.59166667,0,0
581,5.12.2015,4,1,6,19,11,33,19,4,2.666666667,0,460,26.78333333,0,0
582,5.13.2015,3,5,19,31,16,37,25,2.383333333,3.166666667,0.9,523,20.35833333,0,0
583,5.14.2015,2,6,10,25,25,27,19,1925,7.083333333,0,158,17.35833333,1,0
584,5.15.2015,5,9,19,50,15,61,27,3.691666667,5.166666667,0.5,245,13.50833333,0,0
585,5.16.2015,2,5,19,46,15,46,29,4.576923077,5.692307692,0,331,17.11538462,0,1
586,5.17.2015,1,5,7,21,11,28,23,3.264285714,3.142857143,0,546,15.95714286,0,1
587,5.18.2015,2,3,7,28,13,16,18,2.491666667,2.833333333,0,577,20.30833333,0,0
588,5.19.2015,2,4,8,31,24,33,22,4.4,7.083333333,0,59,13875,0,0
589,5.20.2015,3,7,8,31,17,19,14,3.3,6,2.4,140,10.74166667,0,0
590,5.21.2015,3,6,15,34,25,27,18,3925,2.833333333,0,487,14.19166667,0,0
591,5.22.2015,3,0,14,37,18,42,1,3.108333333,2.666666667,0,519,16725,0,0
592,5.23.2015,4,4,12,40,20,32,26,3.176923077,6.615384615,0,188,17.46153846,0,1
593,5.24.2015,4,6,14,27,15,25,23,2.428571429,7.928571429,0,87,17.52857143,0,1
594,5.25.2015,1,4,4,22,5,30,16,3.483333333,6.666666667,7.3,61,15.25,1,0
595,5.26.2015,4,5,13,33,30,46,25,4.05,7.583333333,0.2,24,12.80833333,0,0
596,5.27.2015,5,8,18,3,29,35,43,2.983333333,6.083333333,0,123,12.85833333,0,0
597,5.28.2015,1,5,17,24,23,38,20,2.858333333,3.583333333,0,490,18.95833333,0,0
598,5.29.2015,8,5,13,42,32,56,26,2.758333333,6.833333333,0.7,216,17.56666667,0,0
599,5.30.2015,11,6,18,49,29,51,45,4.623076923,6.461538462,1,183,14.00769231,0,1
600,5.31.2015,1,1,10,24,13,17,26,2.514285714,6.071428571,0,407,19.29285714,0,1
601,6.1.2015,6,3,12,36,23,53,24,3775,6.333333333,0,134,16.73333333,0,0
602,6.2.2015,4,2,8,37,12,33,25,3.783333333,4.583333333,0,344,23.3,0,0
603,6.3.2015,7,2,13,48,31,43,26,4.433333333,2.5,0,577,23.64166667,0,0
604,6.4.2015,1,5,14,33,15,40,21,2.091666667,0.583333333,0,670,25.14166667,1,0
605,6.5.2015,3,14,1,51,23,70,31,3.266666667,1.333333333,0,658,29.95833333,0,0
606,6.6.2015,3,3,11,46,12,50,32,3.676923077,3.769230769,0,425,27.24615385,0,1
607,6.7.2015,1,0,7,21,3,19,11,2.971428571,2.214285714,0,612,24.15714286,0,1
608,6.8.2015,2,4,7,14,20,34,12,3.191666667,7.916666667,5,3,13.95,0,0
609,6.9.2015,3,3,13,28,26,49,17,3.408333333,7.916666667,0,0,13.95,0,0
610,6.10.2015,6,4,12,21,16,38,18,2.258333333,8,0,0,17.06666667,0,0
611,6.11.2015,0,6,9,34,14,31,17,2.208333333,4.5,0,394,22.69166667,0,0
612,6.12.2015,7,7,14,19,15,37,17,2.658333333,4.25,0,334,25.44166667,0,0
613,6.13.2015,6,6,16,40,28,39,26,4.2,3.230769231,0,467,21.9,0,1
614,6.14.2015,1,3,10,20,10,14,8,2.557142857,3.285714286,0,707,23.26428571,0,1
615,6.15.2015,0,3,16,29,20,36,11,2.941666667,6.666666667,0,63,20.69166667,0,0
616,6.16.2015,2,6,14,31,25,42,30,3.391666667,7.333333333,0,73,19375,0,0
617,6.17.2015,2,3,8,93,16,41,17,2.591666667,4.25,0,495,18.75,0,0
618,6.18.2015,3,3,6,26,13,43,21,3.133333333,7.75,8.2,1,15525,0,0
619,6.19.2015,5,5,17,37,22,62,24,4.166666667,7.416666667,0,91,14.3,0,0
620,6.20.2015,5,8,18,49,19,55,39,3.569230769,7.692307692,0,13,12.95384615,0,1
621,6.21.2015,2,3,4,23,18,33,22,2.314285714,7.428571429,4.7,93,16.62142857,0,1
622,6.22.2015,3,4,12,23,14,30,15,3.891666667,6.75,1,0,14975,0,0
623,6.23.2015,4,5,14,27,18,30,22,4.891666667,6.25,4.8,242,13.3,0,0
624,6.24.2015,6,3,14,22,8,38,24,2.108333333,3.333333333,0,510,17.85833333,0,0
625,6.25.2015,3,5,15,22,16,27,5,2.433333333,4.416666667,0,528,22,0,0
626,6.26.2015,2,7,8,19,16,33,16,2.541666667,4.25,0,466,24.34166667,0,0
627,6.27.2015,10,4,19,36,32,54,22,4.353846154,4.923076923,1.8,313,20.60769231,0,1
628,6.28.2015,4,1,6,17,3,25,11,2.085714286,4.857142857,0,551,21.26428571,0,1
629,6.29.2015,2,2,11,23,10,25,14,2.383333333,3.5,0,424,25.34166667,0,0
630,6.30.2015,1,3,13,26,12,21,9,2.1,0.666666667,0,681,27475,0,0
631,7.1.2015,8,1,13,30,13,29,25,3.541666667,1.083333333,0,674,30.28333333,0,0
632,7.2.2015,6,4,8,27,16,31,19,3,0.75,0,618,32425,0,0
633,7.3.2015,8,8,13,26,13,48,27,2.1,2.666666667,0,335,31.56666667,0,0
634,7.4.2015,2,3,7,24,18,40,12,2.384615385,0.846153846,0,647,33.29230769,0,1
635,7.5.2015,3,1,5,10,7,6,7,3.15,1.142857143,0,728,34.05714286,0,1
636,7.6.2015,5,2,7,31,15,17,15,2.233333333,1.5,0,653,26.88333333,0,0
637,7.7.2015,5,5,6,29,16,31,13,3.533333333,3.166666667,0,467,32.38333333,0,0
638,7.8.2015,5,3,9,31,25,49,27,7.45,4.666666667,0,477,20.63333333,0,0
639,7.9.2015,7,2,8,23,11,40,18,4.983333333,7.083333333,0,118,18.16666667,0,0
640,7.10.2015,5,6,9,37,27,36,24,2125,1.25,0,683,22.1,0,0
641,7.11.2015,4,2,14,34,18,28,20,4.923076923,1.153846154,0,656,28.14615385,0,1
642,7.12.2015,0,2,5,20,6,13,11,5.307142857,3.857142857,0,469,24.27857143,0,1
643,7.13.2015,5,3,12,27,13,29,15,3975,7.666666667,0,16,21125,0,0
644,7.14.2015,6,1,3,31,11,41,22,5.541666667,4.583333333,0,379,25,0,0
645,7.15.2015,5,5,17,28,23,32,19,2.041666667,3.75,0,475,26.75,0,0
646,7.16.2015,1,4,7,35,13,45,15,2.208333333,1.083333333,0,654,30425,0,0
647,7.17.2015,2,8,21,24,11,31,14,3.266666667,1.333333333,0.8,562,30.75,0,0
648,7.18.2015,1,2,17,30,14,41,13,2.738461538,4.615384615,0.1,241,26.04615385,0,1
649,7.19.2015,0,1,15,24,11,19,19,4.157142857,6.928571429,6.2,113,24.11428571,0,1
650,7.20.2015,3,1,12,19,13,30,12,2.4,6.666666667,0,240,26.69166667,0,0
651,7.21.2015,5,5,16,28,24,31,21,2.566666667,2.666666667,0,613,29.49166667,0,0
652,7.22.2015,4,6,13,31,12,39,23,3.45,5.916666667,1.2,298,28425,0,0
653,7.23.2015,5,4,14,29,26,43,9,2.158333333,7.25,0,127,23.79166667,0,0
654,7.24.2015,7,5,11,32,19,42,23,3.233333333,2.416666667,0,525,28.74166667,0,0
655,7.25.2015,5,8,15,54,20,55,33,8.138461538,3.538461538,0,395,19.46153846,0,1
656,7.26.2015,5,2,8,21,13,29,11,2.957142857,5.071428571,0.2,421,20.02142857,0,1
657,7.27.2015,1,4,18,25,18,32,22,6.183333333,6.75,0,199,21.05,0,0
658,7.28.2015,2,2,22,39,25,42,17,4.941666667,7.083333333,0,104,19.58333333,0,0
659,7.29.2015,4,2,16,34,19,28,24,3725,5.333333333,0.9,220,15.75,0,0
660,7.30.2015,5,4,10,31,18,39,15,3.05,7.5,0,122,18375,0,0
661,7.31.2015,1,5,7,39,27,50,1,2.5,2.916666667,0,581,21.55833333,0,0
662,8.1.2015,7,0,15,50,39,43,2,2,7,0.1,61,21.24615385,0,1
663,8.2.2015,2,7,5,16,4,19,4,2.014285714,1.785714286,0,655,25.42142857,0,1
664,8.3.2015,4,6,14,27,18,32,19,2.8,1.25,0,645,29.99166667,0,0
665,8.4.2015,7,10,9,28,24,52,25,4.783333333,5.5,0,167,23.65833333,0,0
666,8.5.2015,2,5,5,29,20,34,22,2575,2.166666667,0,591,27.4,0,0
667,8.6.2015,3,4,9,25,14,35,14,3.608333333,3.25,0,521,32.75,0,0
668,8.7.2015,0,5,7,38,13,21,21,2.733333333,2.583333333,0,486,34.89166667,0,0
669,8.8.2015,3,2,4,22,16,19,16,4.523076923,1.615384615,0,565,30.06923077,0,1
670,8.9.2015,2,6,16,30,21,29,8,4.157142857,5.5,6.3,340,26.75,0,1
671,8.10.2015,3,4,11,29,29,20,14,2.966666667,4,0,214,24.78333333,0,0
672,8.11.2015,5,1,6,21,26,38,15,2.6,1.666666667,0,550,26.48333333,0,0
673,8.12.2015,4,4,16,36,11,31,26,2.25,1,0,488,29.68333333,0,0
674,8.13.2015,1,2,10,43,24,35,9,2.233333333,1.75,0,492,31.96666667,0,0
675,8.14.2015,2,3,13,27,24,33,21,2.408333333,5.416666667,37.4,198,23275,0,0
676,8.15.2015,4,5,10,31,34,49,31,3.853846154,7.384615385,0,153,20.68461538,0,1
677,8.16.2015,6,1,6,21,24,30,18,3.885714286,7.714285714,4.7,6,16.09285714,0,1
678,8.17.2015,2,14,10,31,30,38,15,3.35,6.833333333,0,35,16.8,0,0
679,8.18.2015,5,4,7,23,29,34,22,2.45,4.166666667,0,326,18.76666667,0,0
680,8.19.2015,3,3,19,56,24,36,19,2.508333333,7.75,1,74,17.61666667,0,0
681,8.20.2015,3,5,6,42,30,44,23,1.608333333,6.25,0,211,19.24166667,0,0
682,8.21.2015,5,4,11,30,36,36,19,1925,1.75,0,566,21.99166667,0,0
683,8.22.2015,4,8,8,37,35,31,21,2.853846154,2.769230769,0,543,22.99230769,0,1
684,8.23.2015,2,0,7,15,4,9,8,3.107142857,5.857142857,2.8,402,20.60714286,0,1
685,8.24.2015,4,1,9,27,15,23,17,3025,6,12.9,59,18.54166667,0,0
686,8.25.2015,1,5,11,33,30,22,17,2.65,3.333333333,0,585,19.7,0,0
687,8.26.2015,5,2,8,39,25,24,16,3.516666667,2.166666667,0,590,24.4,0,0
688,8.27.2015,3,5,8,27,14,13,19,3.616666667,1.833333333,0,538,28.86666667,0,0
689,8.28.2015,5,3,8,30,36,28,24,2.391666667,6.75,0,57,23.40833333,0,0
690,8.29.2015,2,4,18,21,25,45,33,2.215384615,1.076923077,0,589,28.41538462,0,1
691,8.30.2015,3,1,1,2,19,16,12,1.864285714,2.142857143,0,630,29.12857143,0,1
692,8.31.2015,1,2,9,0,34,27,29,2575,1.5,0,581,30.56666667,0,0
693,9.1.2015,4,3,10,42,29,31,12,4.391666667,7.333333333,10.4,54,19.88333333,0,0
694,9.2.2015,4,6,11,31,31,23,17,1.658333333,7.166666667,0,236,18.3,0,0
695,9.3.2015,0,2,9,27,25,22,27,2.583333333,6.083333333,0,222,18075,0,0
696,9.4.2015,3,2,9,26,22,24,18,3.458333333,4.5,0,362,16.93333333,0,0
697,9.5.2015,5,2,5,38,46,40,25,5.015384615,6.384615385,0,238,14.86923077,0,1
698,9.6.2015,1,1,4,5,20,27,12,4.328571429,5.642857143,0,192,12.71428571,0,1
699,9.7.2015,2,4,9,24,19,29,14,3.283333333,7.666666667,0,60,13825,0,0
700,9.8.2015,1,4,8,46,27,31,13,2.366666667,5.75,0,296,16.81666667,0,0
701,9.9.2015,5,5,12,30,39,30,15,2.866666667,2.916666667,0,463,17425,0,0
702,9.10.2015,4,4,8,32,31,30,19,3.35,3.75,0,320,16.49166667,0,0
703,9.11.2015,5,3,10,26,20,33,15,1.808333333,2.666666667,0,516,17.73333333,0,0
704,9.12.2015,5,7,11,42,36,51,25,2.884615385,6.307692308,0,326,23.09230769,0,1
705,9.13.2015,1,2,7,28,17,16,13,1.642857143,5.142857143,0.1,167,19.92857143,0,1
706,9.14.2015,3,3,6,22,28,35,11,3.666666667,6.416666667,0.1,208,18.45,0,0
707,9.15.2015,7,3,8,34,20,30,20,3.1,7,0,82,17325,0,0
708,9.16.2015,4,6,6,24,28,36,14,2.958333333,7.583333333,0.5,4,17.95833333,0,0
709,9.17.2015,3,3,6,34,34,41,18,3.15,4.666666667,3,61,14025,0,0
710,9.18.2015,5,7,11,20,23,34,21,1.908333333,4.833333333,6.5,88,15.08333333,0,0
711,9.19.2015,5,8,11,35,19,48,23,2.453846154,7.384615385,0,88,15.15384615,0,1
712,9.20.2015,0,2,5,28,11,31,9,2.835714286,4.571428571,0,158,13.91428571,0,1
713,9.21.2015,5,8,9,29,18,29,18,2.083333333,1.666666667,0,525,16.95833333,0,0
714,9.22.2015,3,4,9,24,13,20,20,3.108333333,7,1.6,24,14.79166667,0,0
715,9.23.2015,2,3,5,21,16,29,17,3.308333333,7.666666667,0.1,19,12.41666667,0,0
716,9.24.2015,3,6,8,24,30,30,24,1825,3.833333333,0,325,15.45833333,0,0
717,9.25.2015,4,7,4,23,26,43,20,2125,5,0,334,15.6,0,0
718,9.26.2015,10,8,0,42,21,49,16,3.030769231,7.230769231,0,106,15.18461538,0,1
719,9.27.2015,2,6,5,15,14,24,16,3.457142857,4.428571429,0,284,14.71428571,0,1
720,9.28.2015,2,3,8,37,15,22,24,4.158333333,4.333333333,0,217,13.81666667,0,0
721,9.29.2015,3,3,9,30,18,30,18,6.608333333,3,0,441,15.05833333,0,0
722,9.30.2015,0,4,14,29,29,29,22,5.366666667,0.5,0,539,14375,0,0
723,10.1.2015,2,5,7,21,23,25,16,3.191666667,0.416666667,0,538,14725,0,0
724,10.2.2015,7,4,12,43,30,28,17,2.341666667,2.916666667,0,469,16.88333333,0,0
725,10.3.2015,0,4,10,36,40,51,22,1.830769231,3,0,478,17.36923077,1,1
726,10.4.2015,4,4,6,22,13,22,9,1.742857143,5.714285714,6,72,12.75,0,1
727,10.5.2015,2,7,9,31,24,31,18,2.566666667,7.333333333,0.2,117,16225,0,0
728,10.6.2015,1,1,7,24,29,28,11,2.183333333,7.333333333,1.9,6,16.98333333,0,0
729,10.7.2015,7,4,14,31,37,30,39,3.833333333,6.916666667,0,129,15.05,0,0
730,10.8.2015,3,5,6,37,23,22,20,2175,6.833333333,0,142,13.70833333,0,0
731,10.9.2015,5,4,12,35,37,57,16,1975,7.166666667,0,131,14.15833333,0,0
732,10.10.2015,3,1,18,61,44,53,33,2.4,7.307692308,0,38,11.89230769,0,1
733,10.11.2015,3,6,7,38,27,40,25,2.685714286,5.571428571,0,226,11.76428571,0,1
734,10.12.2015,4,3,4,30,27,34,4,2.508333333,4.666666667,0,372,10.5,0,0
735,10.13.2015,3,4,9,36,35,35,2,2.166666667,7.833333333,0,10,8.733333333,0,0
736,10.14.2015,3,6,8,35,19,42,12,2.316666667,7.666666667,0,26,4.966666667,0,0
737,10.15.2015,3,3,11,29,24,36,20,3.1,7.916666667,0,0,4.383333333,0,0
738,10.16.2015,3,5,6,55,35,39,21,2.15,8,0.2,0,5.658333333,0,0
739,10.17.2015,5,7,19,76,58,52,46,1.469230769,7.615384615,0.6,0,6.946153846,0,1
740,10.18.2015,0,2,5,15,29,16,21,1.285714286,7.928571429,0,0,6.964285714,0,1
741,10.19.2015,6,4,10,47,21,31,6,1.283333333,7.25,0,100,8.291666667,0,0
742,10.20.2015,0,2,2,33,19,22,13,1.6,7.916666667,0.2,0,7.833333333,0,0
743,10.21.2015,4,5,6,34,29,26,13,1.4,6.833333333,0,117,10.19166667,0,0
744,10.22.2015,3,4,11,32,30,45,14,2125,7.75,0.1,32,11025,0,0
745,10.23.2015,5,7,10,33,56,33,32,1.366666667,7.916666667,0,0,11.68333333,0,0
746,10.24.2015,1,7,6,50,37,47,39,2.184615385,4.307692308,0,306,14.72307692,0,1
747,10.25.2015,4,3,10,28,26,27,13,2.178571429,7.214285714,0,28,12.39285714,0,1
748,10.26.2015,1,2,5,27,19,28,16,3.15,1.333333333,0,405,11.03333333,0,0
749,10.27.2015,4,4,4,35,27,26,13,2.25,3.666666667,0,103,8.258333333,0,0
750,10.28.2015,2,3,9,34,28,34,21,1.866666667,4.583333333,0,120,9.05,0,0
751,10.29.2015,4,4,9,34,16,25,20,1.833333333,7.666666667,0,2,11.85,0,0
752,10.30.2015,3,6,17,39,21,30,30,3.891666667,8,0,0,10.39166667,0,0
753,10.31.2015,6,2,13,64,51,31,57,2.876923077,3.846153846,0,52,8.976923077,0,1
754,11.1.2015,3,0,11,50,30,1,21,1.364285714,5.714285714,0,136,6,1,1
755,11.2.2015,2,1,13,26,38,1,28,1.116666667,8,0,0,4.366666667,0,0
756,11.3.2015,2,0,8,47,30,32,32,1.65,8,0,0,3.466666667,0,0
757,11.4.2015,2,1,13,38,31,14,38,1.808333333,2.166666667,0,362,14.64166667,0,0
758,11.5.2015,1,8,11,47,32,42,24,1.816666667,0.666666667,0,405,14.7,0,0
759,11.6.2015,3,6,9,50,40,44,32,1.941666667,6.916666667,0,44,16,0,0
760,11.7.2015,0,2,2,45,25,6,20,1.907692308,5.615384615,0,46,17.33846154,0,1
